Kernel,Skenario_Tanpa_SMOTE,Accuracy_Tanpa_SMOTE,Skenario_Dengan_SMOTE,Accuracy_Dengan_SMOTE,Delta_Accuracy
Linear,1A,0.810077519379845,1B,0.7209302325581395,-0.08914728682170547
RBF,2A,0.7751937984496124,2B,0.7596899224806202,-0.015503875968992276
Polynomial,3A,0.7713178294573644,3B,0.7403100775193798,-0.03100775193798455
