Skenario,Kernel,Kondisi_SMOTE,Accuracy,Precision_Macro,Recall_Macro,F1_Macro,Precision_Weighted,Recall_Weighted,F1_Weighted,Best_Params,Best_CV_F1_Macro
1A,Linear,Tanpa SMOTE,0.7093023255813954,0.6212006079027356,0.6271422877640495,0.6237970253718286,0.7167685728422988,0.7093023255813954,0.7127781507931663,"{""C"": 100, ""kernel"": ""linear""}",0.641421975657751
1B,Linear,Dengan SMOTE,0.7209302325581395,0.6645161290322581,0.701235552012754,0.6715932395163001,0.7648078686338252,0.7209302325581395,0.7347445906098545,"{""C"": 10, ""kernel"": ""linear""}",0.8320406644029654
2A,RBF,Tanpa SMOTE,0.7751937984496124,0.6980743394536497,0.6762853726584297,0.6851010101010101,0.7647722499366445,0.7751937984496124,0.7686653355258006,"{""C"": 10, ""gamma"": 0.1, ""kernel"": ""rbf""}",0.6640282443829255
2B,RBF,Dengan SMOTE,0.7596899224806202,0.6711707169506907,0.6353128736548426,0.646481612446959,0.7402588773642942,0.7596899224806202,0.7457327335723605,"{""C"": 100, ""gamma"": ""scale"", ""kernel"": ""rbf""}",0.9076849829984855
3A,Polynomial,Tanpa SMOTE,0.7713178294573644,0.6926272984441302,0.6736946990833002,0.6815148028036405,0.7616162571406643,0.7713178294573644,0.7654183605531051,"{""C"": 10, ""coef0"": 1, ""degree"": 2, ""gamma"": 0.1, ""kernel"": ""poly""}",0.6610669297208742
3B,Polynomial,Dengan SMOTE,0.7403100775193798,0.6819444444444445,0.71929055400558,0.6910731838084174,0.7777239448751077,0.7403100775193798,0.7522607798764096,"{""C"": 10, ""coef0"": 1, ""degree"": 3, ""gamma"": 0.1, ""kernel"": ""poly""}",0.8326711511435196
